transition_date;transition_hour;line;number_of_passenger;transaction_type_desc;town;line_name
2024-04-01;00:00:00;YENIKAPI - HACIOSMAN;157;Indirimli Abonman;SISLI;M2
2024-04-01;01:00:00;YENIKAPI - HACIOSMAN;260;Tam Kontur;SISLI;M2
2024-04-01;02:00:00;YENIKAPI - HACIOSMAN;174;Tam Kontur;SISLI;M2
2024-04-01;03:00:00;YENIKAPI - HACIOSMAN;115;Ucretsiz;SISLI;M2
2024-04-01;04:00:00;YENIKAPI - HACIOSMAN;181;Tam Kontur;SISLI;M2
2024-04-01;05:00:00;YENIKAPI - HACIOSMAN;193;Indirimli Abonman;SISLI;M2
2024-04-01;06:00:00;YENIKAPI - HACIOSMAN;603;Tam Kontur;SISLI;M2
2024-04-01;07:00:00;YENIKAPI - HACIOSMAN;937;Tam Kontur;SISLI;M2
2024-04-01;08:00:00;YENIKAPI - HACIOSMAN;881;Tam Kontur;SISLI;M2
2024-04-01;09:00:00;YENIKAPI - HACIOSMAN;837;Indirimli Abonman;SISLI;M2
2024-04-01;10:00:00;YENIKAPI - HACIOSMAN;426;Ucretsiz;SISLI;M2
2024-04-01;11:00:00;YENIKAPI - HACIOSMAN;574;Tam Kontur;SISLI;M2
2024-04-01;12:00:00;YENIKAPI - HACIOSMAN;463;Tam Kontur;SISLI;M2
2024-04-01;13:00:00;YENIKAPI - HACIOSMAN;618;Tam Kontur;SISLI;M2
2024-04-01;14:00:00;YENIKAPI - HACIOSMAN;376;Tam Kontur;SISLI;M2
2024-04-01;15:00:00;YENIKAPI - HACIOSMAN;473;Tam Kontur;SISLI;M2
2024-04-01;16:00:00;YENIKAPI - HACIOSMAN;686;Tam Kontur;SISLI;M2
2024-04-01;17:00:00;YENIKAPI - HACIOSMAN;901;Indirimli Abonman;SISLI;M2
2024-04-01;18:00:00;YENIKAPI - HACIOSMAN;864;Tam Kontur;SISLI;M2
2024-04-01;19:00:00;YENIKAPI - HACIOSMAN;919;Tam Kontur;SISLI;M2
2024-04-01;20:00:00;YENIKAPI - HACIOSMAN;390;Ucretsiz;SISLI;M2
2024-04-01;21:00:00;YENIKAPI - HACIOSMAN;537;Tam Kontur;SISLI;M2
2024-04-01;22:00:00;YENIKAPI - HACIOSMAN;563;Ucretsiz;SISLI;M2
2024-04-01;23:00:00;YENIKAPI - HACIOSMAN;278;Tam Kontur;SISLI;M2
2024-04-02;00:00:00;YENIKAPI - HACIOSMAN;172;Ucretsiz;SISLI;M2
2024-04-02;01:00:00;YENIKAPI - HACIOSMAN;233;Indirimli Abonman;SISLI;M2
2024-04-02;02:00:00;YENIKAPI - HACIOSMAN;206;Ucretsiz;SISLI;M2
2024-04-02;03:00:00;YENIKAPI - HACIOSMAN;188;Ucretsiz;SISLI;M2
2024-04-02;04:00:00;YENIKAPI - HACIOSMAN;138;Tam Kontur;SISLI;M2
2024-04-02;05:00:00;YENIKAPI - HACIOSMAN;212;Ucretsiz;SISLI;M2
2024-04-02;06:00:00;YENIKAPI - HACIOSMAN;583;Tam Kontur;SISLI;M2
2024-04-02;07:00:00;YENIKAPI - HACIOSMAN;896;Tam Kontur;SISLI;M2
2024-04-02;08:00:00;YENIKAPI - HACIOSMAN;981;Tam Kontur;SISLI;M2
2024-04-02;09:00:00;YENIKAPI - HACIOSMAN;836;Indirimli Abonman;SISLI;M2
2024-04-02;10:00:00;YENIKAPI - HACIOSMAN;436;Tam Kontur;SISLI;M2
2024-04-02;11:00:00;YENIKAPI - HACIOSMAN;637;Indirimli Abonman;SISLI;M2
2024-04-02;12:00:00;YENIKAPI - HACIOSMAN;355;Indirimli Abonman;SISLI;M2
2024-04-02;13:00:00;YENIKAPI - HACIOSMAN;486;Indirimli Abonman;SISLI;M2
2024-04-02;14:00:00;YENIKAPI - HACIOSMAN;640;Ucretsiz;SISLI;M2
2024-04-02;15:00:00;YENIKAPI - HACIOSMAN;557;Tam Kontur;SISLI;M2
2024-04-02;16:00:00;YENIKAPI - HACIOSMAN;357;Tam Kontur;SISLI;M2
2024-04-02;17:00:00;YENIKAPI - HACIOSMAN;906;Tam Kontur;SISLI;M2
2024-04-02;18:00:00;YENIKAPI - HACIOSMAN;922;Tam Kontur;SISLI;M2
2024-04-02;19:00:00;YENIKAPI - HACIOSMAN;987;Tam Kontur;SISLI;M2
2024-04-02;20:00:00;YENIKAPI - HACIOSMAN;529;Tam Kontur;SISLI;M2
2024-04-02;21:00:00;YENIKAPI - HACIOSMAN;467;Tam Kontur;SISLI;M2
2024-04-02;22:00:00;YENIKAPI - HACIOSMAN;413;Ucretsiz;SISLI;M2
2024-04-02;23:00:00;YENIKAPI - HACIOSMAN;206;Indirimli Abonman;SISLI;M2
2024-04-03;00:00:00;YENIKAPI - HACIOSMAN;136;Tam Kontur;SISLI;M2
2024-04-03;01:00:00;YENIKAPI - HACIOSMAN;178;Indirimli Abonman;SISLI;M2
2024-04-03;02:00:00;YENIKAPI - HACIOSMAN;191;Tam Kontur;SISLI;M2
2024-04-03;03:00:00;YENIKAPI - HACIOSMAN;117;Tam Kontur;SISLI;M2
2024-04-03;04:00:00;YENIKAPI - HACIOSMAN;197;Indirimli Abonman;SISLI;M2
2024-04-03;05:00:00;YENIKAPI - HACIOSMAN;162;Tam Kontur;SISLI;M2
2024-04-03;06:00:00;YENIKAPI - HACIOSMAN;449;Tam Kontur;SISLI;M2
2024-04-03;07:00:00;YENIKAPI - HACIOSMAN;938;Ucretsiz;SISLI;M2
2024-04-03;08:00:00;YENIKAPI - HACIOSMAN;985;Ucretsiz;SISLI;M2
2024-04-03;09:00:00;YENIKAPI - HACIOSMAN;984;Indirimli Abonman;SISLI;M2
2024-04-03;10:00:00;YENIKAPI - HACIOSMAN;504;Indirimli Abonman;SISLI;M2
2024-04-03;11:00:00;YENIKAPI - HACIOSMAN;559;Indirimli Abonman;SISLI;M2
2024-04-03;12:00:00;YENIKAPI - HACIOSMAN;513;Tam Kontur;SISLI;M2
2024-04-03;13:00:00;YENIKAPI - HACIOSMAN;555;Tam Kontur;SISLI;M2
2024-04-03;14:00:00;YENIKAPI - HACIOSMAN;434;Tam Kontur;SISLI;M2
2024-04-03;15:00:00;YENIKAPI - HACIOSMAN;360;Tam Kontur;SISLI;M2
2024-04-03;16:00:00;YENIKAPI - HACIOSMAN;662;Indirimli Abonman;SISLI;M2
2024-04-03;17:00:00;YENIKAPI - HACIOSMAN;853;Tam Kontur;SISLI;M2
2024-04-03;18:00:00;YENIKAPI - HACIOSMAN;887;Ucretsiz;SISLI;M2
2024-04-03;19:00:00;YENIKAPI - HACIOSMAN;867;Ucretsiz;SISLI;M2
2024-04-03;20:00:00;YENIKAPI - HACIOSMAN;506;Indirimli Abonman;SISLI;M2
2024-04-03;21:00:00;YENIKAPI - HACIOSMAN;428;Indirimli Abonman;SISLI;M2
2024-04-03;22:00:00;YENIKAPI - HACIOSMAN;610;Ucretsiz;SISLI;M2
2024-04-03;23:00:00;YENIKAPI - HACIOSMAN;102;Tam Kontur;SISLI;M2
2024-04-04;00:00:00;YENIKAPI - HACIOSMAN;265;Indirimli Abonman;SISLI;M2
2024-04-04;01:00:00;YENIKAPI - HACIOSMAN;220;Tam Kontur;SISLI;M2
2024-04-04;02:00:00;YENIKAPI - HACIOSMAN;228;Indirimli Abonman;SISLI;M2
2024-04-04;03:00:00;YENIKAPI - HACIOSMAN;201;Tam Kontur;SISLI;M2
2024-04-04;04:00:00;YENIKAPI - HACIOSMAN;137;Ucretsiz;SISLI;M2
2024-04-04;05:00:00;YENIKAPI - HACIOSMAN;184;Ucretsiz;SISLI;M2
2024-04-04;06:00:00;YENIKAPI - HACIOSMAN;432;Tam Kontur;SISLI;M2
2024-04-04;07:00:00;YENIKAPI - HACIOSMAN;891;Tam Kontur;SISLI;M2
2024-04-04;08:00:00;YENIKAPI - HACIOSMAN;820;Ucretsiz;SISLI;M2
2024-04-04;09:00:00;YENIKAPI - HACIOSMAN;998;Tam Kontur;SISLI;M2
2024-04-04;10:00:00;YENIKAPI - HACIOSMAN;408;Ucretsiz;SISLI;M2
2024-04-04;11:00:00;YENIKAPI - HACIOSMAN;602;Indirimli Abonman;SISLI;M2
2024-04-04;12:00:00;YENIKAPI - HACIOSMAN;383;Tam Kontur;SISLI;M2
2024-04-04;13:00:00;YENIKAPI - HACIOSMAN;382;Tam Kontur;SISLI;M2
2024-04-04;14:00:00;YENIKAPI - HACIOSMAN;590;Tam Kontur;SISLI;M2
2024-04-04;15:00:00;YENIKAPI - HACIOSMAN;368;Indirimli Abonman;SISLI;M2
2024-04-04;16:00:00;YENIKAPI - HACIOSMAN;428;Tam Kontur;SISLI;M2
2024-04-04;17:00:00;YENIKAPI - HACIOSMAN;995;Indirimli Abonman;SISLI;M2
2024-04-04;18:00:00;YENIKAPI - HACIOSMAN;939;Tam Kontur;SISLI;M2
2024-04-04;19:00:00;YENIKAPI - HACIOSMAN;987;Indirimli Abonman;SISLI;M2
2024-04-04;20:00:00;YENIKAPI - HACIOSMAN;582;Ucretsiz;SISLI;M2
2024-04-04;21:00:00;YENIKAPI - HACIOSMAN;611;Ucretsiz;SISLI;M2
2024-04-04;22:00:00;YENIKAPI - HACIOSMAN;533;Tam Kontur;SISLI;M2
2024-04-04;23:00:00;YENIKAPI - HACIOSMAN;122;Ucretsiz;SISLI;M2
2024-04-05;00:00:00;YENIKAPI - HACIOSMAN;252;Indirimli Abonman;SISLI;M2
2024-04-05;01:00:00;YENIKAPI - HACIOSMAN;120;Indirimli Abonman;SISLI;M2
2024-04-05;02:00:00;YENIKAPI - HACIOSMAN;160;Ucretsiz;SISLI;M2
2024-04-05;03:00:00;YENIKAPI - HACIOSMAN;162;Tam Kontur;SISLI;M2
2024-04-05;04:00:00;YENIKAPI - HACIOSMAN;221;Tam Kontur;SISLI;M2
2024-04-05;05:00:00;YENIKAPI - HACIOSMAN;151;Ucretsiz;SISLI;M2
2024-04-05;06:00:00;YENIKAPI - HACIOSMAN;643;Tam Kontur;SISLI;M2
2024-04-05;07:00:00;YENIKAPI - HACIOSMAN;952;Ucretsiz;SISLI;M2
2024-04-05;08:00:00;YENIKAPI - HACIOSMAN;854;Ucretsiz;SISLI;M2
2024-04-05;09:00:00;YENIKAPI - HACIOSMAN;845;Tam Kontur;SISLI;M2
2024-04-05;10:00:00;YENIKAPI - HACIOSMAN;331;Ucretsiz;SISLI;M2
2024-04-05;11:00:00;YENIKAPI - HACIOSMAN;354;Tam Kontur;SISLI;M2
2024-04-05;12:00:00;YENIKAPI - HACIOSMAN;651;Indirimli Abonman;SISLI;M2
2024-04-05;13:00:00;YENIKAPI - HACIOSMAN;688;Indirimli Abonman;SISLI;M2
2024-04-05;14:00:00;YENIKAPI - HACIOSMAN;335;Ucretsiz;SISLI;M2
2024-04-05;15:00:00;YENIKAPI - HACIOSMAN;409;Tam Kontur;SISLI;M2
2024-04-05;16:00:00;YENIKAPI - HACIOSMAN;476;Tam Kontur;SISLI;M2
2024-04-05;17:00:00;YENIKAPI - HACIOSMAN;905;Indirimli Abonman;SISLI;M2
2024-04-05;18:00:00;YENIKAPI - HACIOSMAN;857;Indirimli Abonman;SISLI;M2
2024-04-05;19:00:00;YENIKAPI - HACIOSMAN;838;Indirimli Abonman;SISLI;M2
2024-04-05;20:00:00;YENIKAPI - HACIOSMAN;635;Tam Kontur;SISLI;M2
2024-04-05;21:00:00;YENIKAPI - HACIOSMAN;396;Tam Kontur;SISLI;M2
2024-04-05;22:00:00;YENIKAPI - HACIOSMAN;668;Tam Kontur;SISLI;M2
2024-04-05;23:00:00;YENIKAPI - HACIOSMAN;160;Ucretsiz;SISLI;M2
2024-04-06;00:00:00;YENIKAPI - HACIOSMAN;236;Tam Kontur;SISLI;M2
2024-04-06;01:00:00;YENIKAPI - HACIOSMAN;105;Tam Kontur;SISLI;M2
2024-04-06;02:00:00;YENIKAPI - HACIOSMAN;208;Ucretsiz;SISLI;M2
2024-04-06;03:00:00;YENIKAPI - HACIOSMAN;134;Tam Kontur;SISLI;M2
2024-04-06;04:00:00;YENIKAPI - HACIOSMAN;138;Ucretsiz;SISLI;M2
2024-04-06;05:00:00;YENIKAPI - HACIOSMAN;249;Indirimli Abonman;SISLI;M2
2024-04-06;06:00:00;YENIKAPI - HACIOSMAN;417;Ucretsiz;SISLI;M2
2024-04-06;07:00:00;YENIKAPI - HACIOSMAN;804;Tam Kontur;SISLI;M2
2024-04-06;08:00:00;YENIKAPI - HACIOSMAN;969;Tam Kontur;SISLI;M2
2024-04-06;09:00:00;YENIKAPI - HACIOSMAN;886;Indirimli Abonman;SISLI;M2
2024-04-06;10:00:00;YENIKAPI - HACIOSMAN;375;Ucretsiz;SISLI;M2
2024-04-06;11:00:00;YENIKAPI - HACIOSMAN;612;Indirimli Abonman;SISLI;M2
2024-04-06;12:00:00;YENIKAPI - HACIOSMAN;682;Tam Kontur;SISLI;M2
2024-04-06;13:00:00;YENIKAPI - HACIOSMAN;513;Indirimli Abonman;SISLI;M2
2024-04-06;14:00:00;YENIKAPI - HACIOSMAN;584;Indirimli Abonman;SISLI;M2
2024-04-06;15:00:00;YENIKAPI - HACIOSMAN;538;Indirimli Abonman;SISLI;M2
2024-04-06;16:00:00;YENIKAPI - HACIOSMAN;464;Indirimli Abonman;SISLI;M2
2024-04-06;17:00:00;YENIKAPI - HACIOSMAN;886;Ucretsiz;SISLI;M2
2024-04-06;18:00:00;YENIKAPI - HACIOSMAN;940;Indirimli Abonman;SISLI;M2
2024-04-06;19:00:00;YENIKAPI - HACIOSMAN;959;Tam Kontur;SISLI;M2
2024-04-06;20:00:00;YENIKAPI - HACIOSMAN;345;Tam Kontur;SISLI;M2
2024-04-06;21:00:00;YENIKAPI - HACIOSMAN;671;Tam Kontur;SISLI;M2
2024-04-06;22:00:00;YENIKAPI - HACIOSMAN;411;Tam Kontur;SISLI;M2
2024-04-06;23:00:00;YENIKAPI - HACIOSMAN;250;Tam Kontur;SISLI;M2
2024-04-07;00:00:00;YENIKAPI - HACIOSMAN;144;Tam Kontur;SISLI;M2
2024-04-07;01:00:00;YENIKAPI - HACIOSMAN;244;Tam Kontur;SISLI;M2
2024-04-07;02:00:00;YENIKAPI - HACIOSMAN;203;Tam Kontur;SISLI;M2
2024-04-07;03:00:00;YENIKAPI - HACIOSMAN;184;Ucretsiz;SISLI;M2
2024-04-07;04:00:00;YENIKAPI - HACIOSMAN;293;Ucretsiz;SISLI;M2
2024-04-07;05:00:00;YENIKAPI - HACIOSMAN;233;Tam Kontur;SISLI;M2
2024-04-07;06:00:00;YENIKAPI - HACIOSMAN;407;Ucretsiz;SISLI;M2
2024-04-07;07:00:00;YENIKAPI - HACIOSMAN;817;Indirimli Abonman;SISLI;M2
2024-04-07;08:00:00;YENIKAPI - HACIOSMAN;893;Tam Kontur;SISLI;M2
2024-04-07;09:00:00;YENIKAPI - HACIOSMAN;949;Tam Kontur;SISLI;M2
2024-04-07;10:00:00;YENIKAPI - HACIOSMAN;545;Indirimli Abonman;SISLI;M2
2024-04-07;11:00:00;YENIKAPI - HACIOSMAN;588;Indirimli Abonman;SISLI;M2
2024-04-07;12:00:00;YENIKAPI - HACIOSMAN;508;Indirimli Abonman;SISLI;M2
2024-04-07;13:00:00;YENIKAPI - HACIOSMAN;425;Tam Kontur;SISLI;M2
2024-04-07;14:00:00;YENIKAPI - HACIOSMAN;534;Tam Kontur;SISLI;M2
2024-04-07;15:00:00;YENIKAPI - HACIOSMAN;421;Tam Kontur;SISLI;M2
2024-04-07;16:00:00;YENIKAPI - HACIOSMAN;437;Tam Kontur;SISLI;M2
2024-04-07;17:00:00;YENIKAPI - HACIOSMAN;914;Tam Kontur;SISLI;M2
2024-04-07;18:00:00;YENIKAPI - HACIOSMAN;963;Tam Kontur;SISLI;M2
2024-04-07;19:00:00;YENIKAPI - HACIOSMAN;961;Ucretsiz;SISLI;M2
2024-04-07;20:00:00;YENIKAPI - HACIOSMAN;500;Ucretsiz;SISLI;M2
2024-04-07;21:00:00;YENIKAPI - HACIOSMAN;533;Tam Kontur;SISLI;M2
2024-04-07;22:00:00;YENIKAPI - HACIOSMAN;327;Ucretsiz;SISLI;M2
2024-04-07;23:00:00;YENIKAPI - HACIOSMAN;110;Tam Kontur;SISLI;M2
2024-04-08;00:00:00;YENIKAPI - HACIOSMAN;266;Tam Kontur;SISLI;M2
2024-04-08;01:00:00;YENIKAPI - HACIOSMAN;146;Tam Kontur;SISLI;M2
2024-04-08;02:00:00;YENIKAPI - HACIOSMAN;226;Indirimli Abonman;SISLI;M2
2024-04-08;03:00:00;YENIKAPI - HACIOSMAN;246;Ucretsiz;SISLI;M2
2024-04-08;04:00:00;YENIKAPI - HACIOSMAN;217;Indirimli Abonman;SISLI;M2
2024-04-08;05:00:00;YENIKAPI - HACIOSMAN;242;Tam Kontur;SISLI;M2
2024-04-08;06:00:00;YENIKAPI - HACIOSMAN;681;Indirimli Abonman;SISLI;M2
2024-04-08;07:00:00;YENIKAPI - HACIOSMAN;955;Tam Kontur;SISLI;M2
2024-04-08;08:00:00;YENIKAPI - HACIOSMAN;951;Ucretsiz;SISLI;M2
2024-04-08;09:00:00;YENIKAPI - HACIOSMAN;871;Indirimli Abonman;SISLI;M2
2024-04-08;10:00:00;YENIKAPI - HACIOSMAN;662;Tam Kontur;SISLI;M2
2024-04-08;11:00:00;YENIKAPI - HACIOSMAN;436;Indirimli Abonman;SISLI;M2
2024-04-08;12:00:00;YENIKAPI - HACIOSMAN;474;Indirimli Abonman;SISLI;M2
2024-04-08;13:00:00;YENIKAPI - HACIOSMAN;588;Tam Kontur;SISLI;M2
2024-04-08;14:00:00;YENIKAPI - HACIOSMAN;318;Indirimli Abonman;SISLI;M2
2024-04-08;15:00:00;YENIKAPI - HACIOSMAN;494;Tam Kontur;SISLI;M2
2024-04-08;16:00:00;YENIKAPI - HACIOSMAN;629;Indirimli Abonman;SISLI;M2
2024-04-08;17:00:00;YENIKAPI - HACIOSMAN;967;Ucretsiz;SISLI;M2
2024-04-08;18:00:00;YENIKAPI - HACIOSMAN;974;Ucretsiz;SISLI;M2
2024-04-08;19:00:00;YENIKAPI - HACIOSMAN;992;Indirimli Abonman;SISLI;M2
2024-04-08;20:00:00;YENIKAPI - HACIOSMAN;653;Indirimli Abonman;SISLI;M2
2024-04-08;21:00:00;YENIKAPI - HACIOSMAN;440;Tam Kontur;SISLI;M2
2024-04-08;22:00:00;YENIKAPI - HACIOSMAN;545;Indirimli Abonman;SISLI;M2
2024-04-08;23:00:00;YENIKAPI - HACIOSMAN;228;Tam Kontur;SISLI;M2
2024-04-09;00:00:00;YENIKAPI - HACIOSMAN;261;Tam Kontur;SISLI;M2
2024-04-09;01:00:00;YENIKAPI - HACIOSMAN;192;Tam Kontur;SISLI;M2
2024-04-09;02:00:00;YENIKAPI - HACIOSMAN;275;Tam Kontur;SISLI;M2
2024-04-09;03:00:00;YENIKAPI - HACIOSMAN;147;Indirimli Abonman;SISLI;M2
2024-04-09;04:00:00;YENIKAPI - HACIOSMAN;276;Tam Kontur;SISLI;M2
2024-04-09;05:00:00;YENIKAPI - HACIOSMAN;163;Indirimli Abonman;SISLI;M2
2024-04-09;06:00:00;YENIKAPI - HACIOSMAN;616;Tam Kontur;SISLI;M2
2024-04-09;07:00:00;YENIKAPI - HACIOSMAN;956;Tam Kontur;SISLI;M2
2024-04-09;08:00:00;YENIKAPI - HACIOSMAN;838;Indirimli Abonman;SISLI;M2
2024-04-09;09:00:00;YENIKAPI - HACIOSMAN;927;Tam Kontur;SISLI;M2
2024-04-09;10:00:00;YENIKAPI - HACIOSMAN;643;Tam Kontur;SISLI;M2
2024-04-09;11:00:00;YENIKAPI - HACIOSMAN;581;Indirimli Abonman;SISLI;M2
2024-04-09;12:00:00;YENIKAPI - HACIOSMAN;316;Tam Kontur;SISLI;M2
2024-04-09;13:00:00;YENIKAPI - HACIOSMAN;370;Ucretsiz;SISLI;M2
2024-04-09;14:00:00;YENIKAPI - HACIOSMAN;568;Tam Kontur;SISLI;M2
2024-04-09;15:00:00;YENIKAPI - HACIOSMAN;624;Tam Kontur;SISLI;M2
2024-04-09;16:00:00;YENIKAPI - HACIOSMAN;581;Indirimli Abonman;SISLI;M2
2024-04-09;17:00:00;YENIKAPI - HACIOSMAN;848;Tam Kontur;SISLI;M2
2024-04-09;18:00:00;YENIKAPI - HACIOSMAN;994;Tam Kontur;SISLI;M2
2024-04-09;19:00:00;YENIKAPI - HACIOSMAN;806;Tam Kontur;SISLI;M2
2024-04-09;20:00:00;YENIKAPI - HACIOSMAN;613;Tam Kontur;SISLI;M2
2024-04-09;21:00:00;YENIKAPI - HACIOSMAN;604;Ucretsiz;SISLI;M2
2024-04-09;22:00:00;YENIKAPI - HACIOSMAN;402;Tam Kontur;SISLI;M2
2024-04-09;23:00:00;YENIKAPI - HACIOSMAN;152;Indirimli Abonman;SISLI;M2
2024-04-10;00:00:00;YENIKAPI - HACIOSMAN;292;Ucretsiz;SISLI;M2
2024-04-10;01:00:00;YENIKAPI - HACIOSMAN;161;Tam Kontur;SISLI;M2
2024-04-10;02:00:00;YENIKAPI - HACIOSMAN;116;Ucretsiz;SISLI;M2
2024-04-10;03:00:00;YENIKAPI - HACIOSMAN;270;Tam Kontur;SISLI;M2
2024-04-10;04:00:00;YENIKAPI - HACIOSMAN;124;Ucretsiz;SISLI;M2
2024-04-10;05:00:00;YENIKAPI - HACIOSMAN;230;Tam Kontur;SISLI;M2
2024-04-10;06:00:00;YENIKAPI - HACIOSMAN;506;Indirimli Abonman;SISLI;M2
2024-04-10;07:00:00;YENIKAPI - HACIOSMAN;828;Tam Kontur;SISLI;M2
2024-04-10;08:00:00;YENIKAPI - HACIOSMAN;916;Tam Kontur;SISLI;M2
2024-04-10;09:00:00;YENIKAPI - HACIOSMAN;959;Indirimli Abonman;SISLI;M2
2024-04-10;10:00:00;YENIKAPI - HACIOSMAN;581;Indirimli Abonman;SISLI;M2
2024-04-10;11:00:00;YENIKAPI - HACIOSMAN;679;Tam Kontur;SISLI;M2
2024-04-10;12:00:00;YENIKAPI - HACIOSMAN;443;Tam Kontur;SISLI;M2
2024-04-10;13:00:00;YENIKAPI - HACIOSMAN;324;Indirimli Abonman;SISLI;M2
2024-04-10;14:00:00;YENIKAPI - HACIOSMAN;609;Indirimli Abonman;SISLI;M2
2024-04-10;15:00:00;YENIKAPI - HACIOSMAN;455;Ucretsiz;SISLI;M2
2024-04-10;16:00:00;YENIKAPI - HACIOSMAN;372;Indirimli Abonman;SISLI;M2
2024-04-10;17:00:00;YENIKAPI - HACIOSMAN;919;Ucretsiz;SISLI;M2
2024-04-10;18:00:00;YENIKAPI - HACIOSMAN;855;Indirimli Abonman;SISLI;M2
2024-04-10;19:00:00;YENIKAPI - HACIOSMAN;864;Tam Kontur;SISLI;M2
2024-04-10;20:00:00;YENIKAPI - HACIOSMAN;392;Tam Kontur;SISLI;M2
2024-04-10;21:00:00;YENIKAPI - HACIOSMAN;385;Indirimli Abonman;SISLI;M2
2024-04-10;22:00:00;YENIKAPI - HACIOSMAN;635;Indirimli Abonman;SISLI;M2
2024-04-10;23:00:00;YENIKAPI - HACIOSMAN;268;Tam Kontur;SISLI;M2
2024-04-11;00:00:00;YENIKAPI - HACIOSMAN;207;Tam Kontur;SISLI;M2
2024-04-11;01:00:00;YENIKAPI - HACIOSMAN;278;Ucretsiz;SISLI;M2
2024-04-11;02:00:00;YENIKAPI - HACIOSMAN;217;Indirimli Abonman;SISLI;M2
2024-04-11;03:00:00;YENIKAPI - HACIOSMAN;298;Tam Kontur;SISLI;M2
2024-04-11;04:00:00;YENIKAPI - HACIOSMAN;256;Tam Kontur;SISLI;M2
2024-04-11;05:00:00;YENIKAPI - HACIOSMAN;182;Tam Kontur;SISLI;M2
2024-04-11;06:00:00;YENIKAPI - HACIOSMAN;446;Tam Kontur;SISLI;M2
2024-04-11;07:00:00;YENIKAPI - HACIOSMAN;993;Tam Kontur;SISLI;M2
2024-04-11;08:00:00;YENIKAPI - HACIOSMAN;968;Tam Kontur;SISLI;M2
2024-04-11;09:00:00;YENIKAPI - HACIOSMAN;972;Indirimli Abonman;SISLI;M2
2024-04-11;10:00:00;YENIKAPI - HACIOSMAN;570;Tam Kontur;SISLI;M2
2024-04-11;11:00:00;YENIKAPI - HACIOSMAN;686;Ucretsiz;SISLI;M2
2024-04-11;12:00:00;YENIKAPI - HACIOSMAN;438;Ucretsiz;SISLI;M2
2024-04-11;13:00:00;YENIKAPI - HACIOSMAN;480;Tam Kontur;SISLI;M2
2024-04-11;14:00:00;YENIKAPI - HACIOSMAN;329;Indirimli Abonman;SISLI;M2
2024-04-11;15:00:00;YENIKAPI - HACIOSMAN;356;Tam Kontur;SISLI;M2
2024-04-11;16:00:00;YENIKAPI - HACIOSMAN;531;Ucretsiz;SISLI;M2
2024-04-11;17:00:00;YENIKAPI - HACIOSMAN;945;Tam Kontur;SISLI;M2
2024-04-11;18:00:00;YENIKAPI - HACIOSMAN;978;Indirimli Abonman;SISLI;M2
2024-04-11;19:00:00;YENIKAPI - HACIOSMAN;927;Indirimli Abonman;SISLI;M2
2024-04-11;20:00:00;YENIKAPI - HACIOSMAN;347;Tam Kontur;SISLI;M2
2024-04-11;21:00:00;YENIKAPI - HACIOSMAN;493;Tam Kontur;SISLI;M2
2024-04-11;22:00:00;YENIKAPI - HACIOSMAN;523;Indirimli Abonman;SISLI;M2
2024-04-11;23:00:00;YENIKAPI - HACIOSMAN;235;Indirimli Abonman;SISLI;M2
2024-04-12;00:00:00;YENIKAPI - HACIOSMAN;121;Tam Kontur;SISLI;M2
2024-04-12;01:00:00;YENIKAPI - HACIOSMAN;105;Indirimli Abonman;SISLI;M2
2024-04-12;02:00:00;YENIKAPI - HACIOSMAN;284;Tam Kontur;SISLI;M2
2024-04-12;03:00:00;YENIKAPI - HACIOSMAN;203;Indirimli Abonman;SISLI;M2
2024-04-12;04:00:00;YENIKAPI - HACIOSMAN;135;Tam Kontur;SISLI;M2
2024-04-12;05:00:00;YENIKAPI - HACIOSMAN;178;Ucretsiz;SISLI;M2
2024-04-12;06:00:00;YENIKAPI - HACIOSMAN;519;Tam Kontur;SISLI;M2
2024-04-12;07:00:00;YENIKAPI - HACIOSMAN;915;Tam Kontur;SISLI;M2
2024-04-12;08:00:00;YENIKAPI - HACIOSMAN;856;Tam Kontur;SISLI;M2
2024-04-12;09:00:00;YENIKAPI - HACIOSMAN;848;Tam Kontur;SISLI;M2
2024-04-12;10:00:00;YENIKAPI - HACIOSMAN;472;Indirimli Abonman;SISLI;M2
2024-04-12;11:00:00;YENIKAPI - HACIOSMAN;381;Tam Kontur;SISLI;M2
2024-04-12;12:00:00;YENIKAPI - HACIOSMAN;621;Ucretsiz;SISLI;M2
2024-04-12;13:00:00;YENIKAPI - HACIOSMAN;632;Tam Kontur;SISLI;M2
2024-04-12;14:00:00;YENIKAPI - HACIOSMAN;344;Tam Kontur;SISLI;M2
2024-04-12;15:00:00;YENIKAPI - HACIOSMAN;634;Tam Kontur;SISLI;M2
2024-04-12;16:00:00;YENIKAPI - HACIOSMAN;319;Tam Kontur;SISLI;M2
2024-04-12;17:00:00;YENIKAPI - HACIOSMAN;991;Tam Kontur;SISLI;M2
2024-04-12;18:00:00;YENIKAPI - HACIOSMAN;922;Tam Kontur;SISLI;M2
2024-04-12;19:00:00;YENIKAPI - HACIOSMAN;866;Tam Kontur;SISLI;M2
2024-04-12;20:00:00;YENIKAPI - HACIOSMAN;638;Tam Kontur;SISLI;M2
2024-04-12;21:00:00;YENIKAPI - HACIOSMAN;302;Indirimli Abonman;SISLI;M2
2024-04-12;22:00:00;YENIKAPI - HACIOSMAN;481;Indirimli Abonman;SISLI;M2
2024-04-12;23:00:00;YENIKAPI - HACIOSMAN;163;Tam Kontur;SISLI;M2
2024-04-13;00:00:00;YENIKAPI - HACIOSMAN;139;Tam Kontur;SISLI;M2
2024-04-13;01:00:00;YENIKAPI - HACIOSMAN;158;Ucretsiz;SISLI;M2
2024-04-13;02:00:00;YENIKAPI - HACIOSMAN;282;Indirimli Abonman;SISLI;M2
2024-04-13;03:00:00;YENIKAPI - HACIOSMAN;161;Indirimli Abonman;SISLI;M2
2024-04-13;04:00:00;YENIKAPI - HACIOSMAN;231;Tam Kontur;SISLI;M2
2024-04-13;05:00:00;YENIKAPI - HACIOSMAN;159;Indirimli Abonman;SISLI;M2
2024-04-13;06:00:00;YENIKAPI - HACIOSMAN;671;Indirimli Abonman;SISLI;M2
2024-04-13;07:00:00;YENIKAPI - HACIOSMAN;874;Indirimli Abonman;SISLI;M2
2024-04-13;08:00:00;YENIKAPI - HACIOSMAN;921;Ucretsiz;SISLI;M2
2024-04-13;09:00:00;YENIKAPI - HACIOSMAN;906;Tam Kontur;SISLI;M2
2024-04-13;10:00:00;YENIKAPI - HACIOSMAN;395;Tam Kontur;SISLI;M2
2024-04-13;11:00:00;YENIKAPI - HACIOSMAN;646;Indirimli Abonman;SISLI;M2
2024-04-13;12:00:00;YENIKAPI - HACIOSMAN;534;Ucretsiz;SISLI;M2
2024-04-13;13:00:00;YENIKAPI - HACIOSMAN;685;Tam Kontur;SISLI;M2
2024-04-13;14:00:00;YENIKAPI - HACIOSMAN;361;Tam Kontur;SISLI;M2
2024-04-13;15:00:00;YENIKAPI - HACIOSMAN;555;Tam Kontur;SISLI;M2
2024-04-13;16:00:00;YENIKAPI - HACIOSMAN;348;Tam Kontur;SISLI;M2
2024-04-13;17:00:00;YENIKAPI - HACIOSMAN;936;Indirimli Abonman;SISLI;M2
2024-04-13;18:00:00;YENIKAPI - HACIOSMAN;891;Indirimli Abonman;SISLI;M2
2024-04-13;19:00:00;YENIKAPI - HACIOSMAN;958;Tam Kontur;SISLI;M2
2024-04-13;20:00:00;YENIKAPI - HACIOSMAN;423;Tam Kontur;SISLI;M2
2024-04-13;21:00:00;YENIKAPI - HACIOSMAN;616;Tam Kontur;SISLI;M2
2024-04-13;22:00:00;YENIKAPI - HACIOSMAN;506;Tam Kontur;SISLI;M2
2024-04-13;23:00:00;YENIKAPI - HACIOSMAN;147;Indirimli Abonman;SISLI;M2
2024-04-14;00:00:00;YENIKAPI - HACIOSMAN;252;Ucretsiz;SISLI;M2
2024-04-14;01:00:00;YENIKAPI - HACIOSMAN;263;Ucretsiz;SISLI;M2
2024-04-14;02:00:00;YENIKAPI - HACIOSMAN;235;Tam Kontur;SISLI;M2
2024-04-14;03:00:00;YENIKAPI - HACIOSMAN;300;Ucretsiz;SISLI;M2
2024-04-14;04:00:00;YENIKAPI - HACIOSMAN;157;Indirimli Abonman;SISLI;M2
2024-04-14;05:00:00;YENIKAPI - HACIOSMAN;200;Indirimli Abonman;SISLI;M2
2024-04-14;06:00:00;YENIKAPI - HACIOSMAN;667;Tam Kontur;SISLI;M2
2024-04-14;07:00:00;YENIKAPI - HACIOSMAN;972;Tam Kontur;SISLI;M2
2024-04-14;08:00:00;YENIKAPI - HACIOSMAN;861;Tam Kontur;SISLI;M2
2024-04-14;09:00:00;YENIKAPI - HACIOSMAN;838;Tam Kontur;SISLI;M2
2024-04-14;10:00:00;YENIKAPI - HACIOSMAN;613;Tam Kontur;SISLI;M2
2024-04-14;11:00:00;YENIKAPI - HACIOSMAN;508;Tam Kontur;SISLI;M2
2024-04-14;12:00:00;YENIKAPI - HACIOSMAN;654;Tam Kontur;SISLI;M2
2024-04-14;13:00:00;YENIKAPI - HACIOSMAN;510;Indirimli Abonman;SISLI;M2
2024-04-14;14:00:00;YENIKAPI - HACIOSMAN;491;Tam Kontur;SISLI;M2
2024-04-14;15:00:00;YENIKAPI - HACIOSMAN;343;Tam Kontur;SISLI;M2
2024-04-14;16:00:00;YENIKAPI - HACIOSMAN;328;Ucretsiz;SISLI;M2
2024-04-14;17:00:00;YENIKAPI - HACIOSMAN;858;Ucretsiz;SISLI;M2
2024-04-14;18:00:00;YENIKAPI - HACIOSMAN;870;Indirimli Abonman;SISLI;M2
2024-04-14;19:00:00;YENIKAPI - HACIOSMAN;891;Ucretsiz;SISLI;M2
2024-04-14;20:00:00;YENIKAPI - HACIOSMAN;564;Indirimli Abonman;SISLI;M2
2024-04-14;21:00:00;YENIKAPI - HACIOSMAN;682;Ucretsiz;SISLI;M2
2024-04-14;22:00:00;YENIKAPI - HACIOSMAN;519;Tam Kontur;SISLI;M2
2024-04-14;23:00:00;YENIKAPI - HACIOSMAN;233;Tam Kontur;SISLI;M2
2024-04-15;00:00:00;YENIKAPI - HACIOSMAN;256;Tam Kontur;SISLI;M2
2024-04-15;01:00:00;YENIKAPI - HACIOSMAN;285;Tam Kontur;SISLI;M2
2024-04-15;02:00:00;YENIKAPI - HACIOSMAN;244;Tam Kontur;SISLI;M2
2024-04-15;03:00:00;YENIKAPI - HACIOSMAN;243;Indirimli Abonman;SISLI;M2
2024-04-15;04:00:00;YENIKAPI - HACIOSMAN;230;Indirimli Abonman;SISLI;M2
2024-04-15;05:00:00;YENIKAPI - HACIOSMAN;120;Indirimli Abonman;SISLI;M2
2024-04-15;06:00:00;YENIKAPI - HACIOSMAN;363;Tam Kontur;SISLI;M2
2024-04-15;07:00:00;YENIKAPI - HACIOSMAN;889;Ucretsiz;SISLI;M2
2024-04-15;08:00:00;YENIKAPI - HACIOSMAN;835;Indirimli Abonman;SISLI;M2
2024-04-15;09:00:00;YENIKAPI - HACIOSMAN;861;Tam Kontur;SISLI;M2
2024-04-15;10:00:00;YENIKAPI - HACIOSMAN;631;Indirimli Abonman;SISLI;M2
2024-04-15;11:00:00;YENIKAPI - HACIOSMAN;469;Tam Kontur;SISLI;M2
2024-04-15;12:00:00;YENIKAPI - HACIOSMAN;568;Tam Kontur;SISLI;M2
2024-04-15;13:00:00;YENIKAPI - HACIOSMAN;566;Ucretsiz;SISLI;M2
2024-04-15;14:00:00;YENIKAPI - HACIOSMAN;353;Tam Kontur;SISLI;M2
2024-04-15;15:00:00;YENIKAPI - HACIOSMAN;315;Tam Kontur;SISLI;M2
2024-04-15;16:00:00;YENIKAPI - HACIOSMAN;307;Ucretsiz;SISLI;M2
2024-04-15;17:00:00;YENIKAPI - HACIOSMAN;903;Indirimli Abonman;SISLI;M2
2024-04-15;18:00:00;YENIKAPI - HACIOSMAN;858;Tam Kontur;SISLI;M2
2024-04-15;19:00:00;YENIKAPI - HACIOSMAN;856;Tam Kontur;SISLI;M2
2024-04-15;20:00:00;YENIKAPI - HACIOSMAN;339;Tam Kontur;SISLI;M2
2024-04-15;21:00:00;YENIKAPI - HACIOSMAN;536;Indirimli Abonman;SISLI;M2
2024-04-15;22:00:00;YENIKAPI - HACIOSMAN;685;Tam Kontur;SISLI;M2
2024-04-15;23:00:00;YENIKAPI - HACIOSMAN;193;Tam Kontur;SISLI;M2
2024-04-16;00:00:00;YENIKAPI - HACIOSMAN;237;Ucretsiz;SISLI;M2
2024-04-16;01:00:00;YENIKAPI - HACIOSMAN;143;Indirimli Abonman;SISLI;M2
2024-04-16;02:00:00;YENIKAPI - HACIOSMAN;238;Tam Kontur;SISLI;M2
2024-04-16;03:00:00;YENIKAPI - HACIOSMAN;179;Indirimli Abonman;SISLI;M2
2024-04-16;04:00:00;YENIKAPI - HACIOSMAN;180;Indirimli Abonman;SISLI;M2
2024-04-16;05:00:00;YENIKAPI - HACIOSMAN;101;Tam Kontur;SISLI;M2
2024-04-16;06:00:00;YENIKAPI - HACIOSMAN;477;Tam Kontur;SISLI;M2
2024-04-16;07:00:00;YENIKAPI - HACIOSMAN;939;Ucretsiz;SISLI;M2
2024-04-16;08:00:00;YENIKAPI - HACIOSMAN;914;Tam Kontur;SISLI;M2
2024-04-16;09:00:00;YENIKAPI - HACIOSMAN;889;Indirimli Abonman;SISLI;M2
2024-04-16;10:00:00;YENIKAPI - HACIOSMAN;578;Tam Kontur;SISLI;M2
2024-04-16;11:00:00;YENIKAPI - HACIOSMAN;445;Tam Kontur;SISLI;M2
2024-04-16;12:00:00;YENIKAPI - HACIOSMAN;617;Tam Kontur;SISLI;M2
2024-04-16;13:00:00;YENIKAPI - HACIOSMAN;523;Tam Kontur;SISLI;M2
2024-04-16;14:00:00;YENIKAPI - HACIOSMAN;668;Tam Kontur;SISLI;M2
2024-04-16;15:00:00;YENIKAPI - HACIOSMAN;683;Tam Kontur;SISLI;M2
2024-04-16;16:00:00;YENIKAPI - HACIOSMAN;361;Ucretsiz;SISLI;M2
2024-04-16;17:00:00;YENIKAPI - HACIOSMAN;837;Ucretsiz;SISLI;M2
2024-04-16;18:00:00;YENIKAPI - HACIOSMAN;994;Indirimli Abonman;SISLI;M2
2024-04-16;19:00:00;YENIKAPI - HACIOSMAN;965;Ucretsiz;SISLI;M2
2024-04-16;20:00:00;YENIKAPI - HACIOSMAN;521;Tam Kontur;SISLI;M2
2024-04-16;21:00:00;YENIKAPI - HACIOSMAN;360;Ucretsiz;SISLI;M2
2024-04-16;22:00:00;YENIKAPI - HACIOSMAN;428;Tam Kontur;SISLI;M2
2024-04-16;23:00:00;YENIKAPI - HACIOSMAN;272;Ucretsiz;SISLI;M2
2024-04-17;00:00:00;YENIKAPI - HACIOSMAN;255;Ucretsiz;SISLI;M2
2024-04-17;01:00:00;YENIKAPI - HACIOSMAN;248;Indirimli Abonman;SISLI;M2
2024-04-17;02:00:00;YENIKAPI - HACIOSMAN;221;Ucretsiz;SISLI;M2
2024-04-17;03:00:00;YENIKAPI - HACIOSMAN;209;Indirimli Abonman;SISLI;M2
2024-04-17;04:00:00;YENIKAPI - HACIOSMAN;112;Tam Kontur;SISLI;M2
2024-04-17;05:00:00;YENIKAPI - HACIOSMAN;254;Tam Kontur;SISLI;M2
2024-04-17;06:00:00;YENIKAPI - HACIOSMAN;655;Indirimli Abonman;SISLI;M2
2024-04-17;07:00:00;YENIKAPI - HACIOSMAN;934;Tam Kontur;SISLI;M2
2024-04-17;08:00:00;YENIKAPI - HACIOSMAN;821;Indirimli Abonman;SISLI;M2
2024-04-17;09:00:00;YENIKAPI - HACIOSMAN;873;Ucretsiz;SISLI;M2
2024-04-17;10:00:00;YENIKAPI - HACIOSMAN;506;Tam Kontur;SISLI;M2
2024-04-17;11:00:00;YENIKAPI - HACIOSMAN;687;Indirimli Abonman;SISLI;M2
2024-04-17;12:00:00;YENIKAPI - HACIOSMAN;578;Ucretsiz;SISLI;M2
2024-04-17;13:00:00;YENIKAPI - HACIOSMAN;674;Ucretsiz;SISLI;M2
2024-04-17;14:00:00;YENIKAPI - HACIOSMAN;625;Ucretsiz;SISLI;M2
2024-04-17;15:00:00;YENIKAPI - HACIOSMAN;639;Indirimli Abonman;SISLI;M2
2024-04-17;16:00:00;YENIKAPI - HACIOSMAN;656;Ucretsiz;SISLI;M2
2024-04-17;17:00:00;YENIKAPI - HACIOSMAN;883;Indirimli Abonman;SISLI;M2
2024-04-17;18:00:00;YENIKAPI - HACIOSMAN;960;Tam Kontur;SISLI;M2
2024-04-17;19:00:00;YENIKAPI - HACIOSMAN;827;Tam Kontur;SISLI;M2
2024-04-17;20:00:00;YENIKAPI - HACIOSMAN;691;Indirimli Abonman;SISLI;M2
2024-04-17;21:00:00;YENIKAPI - HACIOSMAN;556;Tam Kontur;SISLI;M2
2024-04-17;22:00:00;YENIKAPI - HACIOSMAN;464;Indirimli Abonman;SISLI;M2
2024-04-17;23:00:00;YENIKAPI - HACIOSMAN;162;Indirimli Abonman;SISLI;M2
2024-04-18;00:00:00;YENIKAPI - HACIOSMAN;121;Tam Kontur;SISLI;M2
2024-04-18;01:00:00;YENIKAPI - HACIOSMAN;169;Indirimli Abonman;SISLI;M2
2024-04-18;02:00:00;YENIKAPI - HACIOSMAN;224;Indirimli Abonman;SISLI;M2
2024-04-18;03:00:00;YENIKAPI - HACIOSMAN;248;Tam Kontur;SISLI;M2
2024-04-18;04:00:00;YENIKAPI - HACIOSMAN;195;Tam Kontur;SISLI;M2
2024-04-18;05:00:00;YENIKAPI - HACIOSMAN;262;Tam Kontur;SISLI;M2
2024-04-18;06:00:00;YENIKAPI - HACIOSMAN;378;Tam Kontur;SISLI;M2
2024-04-18;07:00:00;YENIKAPI - HACIOSMAN;804;Ucretsiz;SISLI;M2
2024-04-18;08:00:00;YENIKAPI - HACIOSMAN;859;Tam Kontur;SISLI;M2
2024-04-18;09:00:00;YENIKAPI - HACIOSMAN;919;Indirimli Abonman;SISLI;M2
2024-04-18;10:00:00;YENIKAPI - HACIOSMAN;601;Tam Kontur;SISLI;M2
2024-04-18;11:00:00;YENIKAPI - HACIOSMAN;477;Tam Kontur;SISLI;M2
2024-04-18;12:00:00;YENIKAPI - HACIOSMAN;475;Ucretsiz;SISLI;M2
2024-04-18;13:00:00;YENIKAPI - HACIOSMAN;689;Indirimli Abonman;SISLI;M2
2024-04-18;14:00:00;YENIKAPI - HACIOSMAN;516;Tam Kontur;SISLI;M2
2024-04-18;15:00:00;YENIKAPI - HACIOSMAN;355;Tam Kontur;SISLI;M2
2024-04-18;16:00:00;YENIKAPI - HACIOSMAN;665;Tam Kontur;SISLI;M2
2024-04-18;17:00:00;YENIKAPI - HACIOSMAN;986;Tam Kontur;SISLI;M2
2024-04-18;18:00:00;YENIKAPI - HACIOSMAN;956;Indirimli Abonman;SISLI;M2
2024-04-18;19:00:00;YENIKAPI - HACIOSMAN;998;Tam Kontur;SISLI;M2
2024-04-18;20:00:00;YENIKAPI - HACIOSMAN;403;Tam Kontur;SISLI;M2
2024-04-18;21:00:00;YENIKAPI - HACIOSMAN;376;Tam Kontur;SISLI;M2
2024-04-18;22:00:00;YENIKAPI - HACIOSMAN;529;Ucretsiz;SISLI;M2
2024-04-18;23:00:00;YENIKAPI - HACIOSMAN;245;Ucretsiz;SISLI;M2
2024-04-19;00:00:00;YENIKAPI - HACIOSMAN;101;Tam Kontur;SISLI;M2
2024-04-19;01:00:00;YENIKAPI - HACIOSMAN;107;Indirimli Abonman;SISLI;M2
2024-04-19;02:00:00;YENIKAPI - HACIOSMAN;174;Tam Kontur;SISLI;M2
2024-04-19;03:00:00;YENIKAPI - HACIOSMAN;281;Tam Kontur;SISLI;M2
2024-04-19;04:00:00;YENIKAPI - HACIOSMAN;224;Indirimli Abonman;SISLI;M2
2024-04-19;05:00:00;YENIKAPI - HACIOSMAN;137;Ucretsiz;SISLI;M2
2024-04-19;06:00:00;YENIKAPI - HACIOSMAN;475;Ucretsiz;SISLI;M2
2024-04-19;07:00:00;YENIKAPI - HACIOSMAN;826;Indirimli Abonman;SISLI;M2
2024-04-19;08:00:00;YENIKAPI - HACIOSMAN;819;Tam Kontur;SISLI;M2
2024-04-19;09:00:00;YENIKAPI - HACIOSMAN;939;Indirimli Abonman;SISLI;M2
2024-04-19;10:00:00;YENIKAPI - HACIOSMAN;598;Tam Kontur;SISLI;M2
2024-04-19;11:00:00;YENIKAPI - HACIOSMAN;586;Indirimli Abonman;SISLI;M2
2024-04-19;12:00:00;YENIKAPI - HACIOSMAN;390;Tam Kontur;SISLI;M2
2024-04-19;13:00:00;YENIKAPI - HACIOSMAN;360;Indirimli Abonman;SISLI;M2
2024-04-19;14:00:00;YENIKAPI - HACIOSMAN;664;Tam Kontur;SISLI;M2
2024-04-19;15:00:00;YENIKAPI - HACIOSMAN;646;Tam Kontur;SISLI;M2
2024-04-19;16:00:00;YENIKAPI - HACIOSMAN;462;Ucretsiz;SISLI;M2
2024-04-19;17:00:00;YENIKAPI - HACIOSMAN;894;Tam Kontur;SISLI;M2
2024-04-19;18:00:00;YENIKAPI - HACIOSMAN;942;Indirimli Abonman;SISLI;M2
2024-04-19;19:00:00;YENIKAPI - HACIOSMAN;943;Tam Kontur;SISLI;M2
2024-04-19;20:00:00;YENIKAPI - HACIOSMAN;552;Tam Kontur;SISLI;M2
2024-04-19;21:00:00;YENIKAPI - HACIOSMAN;568;Tam Kontur;SISLI;M2
2024-04-19;22:00:00;YENIKAPI - HACIOSMAN;668;Tam Kontur;SISLI;M2
2024-04-19;23:00:00;YENIKAPI - HACIOSMAN;134;Ucretsiz;SISLI;M2
2024-04-20;00:00:00;YENIKAPI - HACIOSMAN;286;Tam Kontur;SISLI;M2
2024-04-20;01:00:00;YENIKAPI - HACIOSMAN;248;Ucretsiz;SISLI;M2
2024-04-20;02:00:00;YENIKAPI - HACIOSMAN;281;Indirimli Abonman;SISLI;M2
2024-04-20;03:00:00;YENIKAPI - HACIOSMAN;257;Tam Kontur;SISLI;M2
2024-04-20;04:00:00;YENIKAPI - HACIOSMAN;147;Indirimli Abonman;SISLI;M2
2024-04-20;05:00:00;YENIKAPI - HACIOSMAN;134;Indirimli Abonman;SISLI;M2
2024-04-20;06:00:00;YENIKAPI - HACIOSMAN;385;Indirimli Abonman;SISLI;M2
2024-04-20;07:00:00;YENIKAPI - HACIOSMAN;965;Tam Kontur;SISLI;M2
2024-04-20;08:00:00;YENIKAPI - HACIOSMAN;958;Tam Kontur;SISLI;M2
2024-04-20;09:00:00;YENIKAPI - HACIOSMAN;951;Ucretsiz;SISLI;M2
2024-04-20;10:00:00;YENIKAPI - HACIOSMAN;413;Ucretsiz;SISLI;M2
2024-04-20;11:00:00;YENIKAPI - HACIOSMAN;655;Ucretsiz;SISLI;M2
2024-04-20;12:00:00;YENIKAPI - HACIOSMAN;482;Tam Kontur;SISLI;M2
2024-04-20;13:00:00;YENIKAPI - HACIOSMAN;506;Indirimli Abonman;SISLI;M2
2024-04-20;14:00:00;YENIKAPI - HACIOSMAN;555;Tam Kontur;SISLI;M2
2024-04-20;15:00:00;YENIKAPI - HACIOSMAN;534;Tam Kontur;SISLI;M2
2024-04-20;16:00:00;YENIKAPI - HACIOSMAN;654;Tam Kontur;SISLI;M2
2024-04-20;17:00:00;YENIKAPI - HACIOSMAN;802;Indirimli Abonman;SISLI;M2
2024-04-20;18:00:00;YENIKAPI - HACIOSMAN;996;Tam Kontur;SISLI;M2
2024-04-20;19:00:00;YENIKAPI - HACIOSMAN;884;Tam Kontur;SISLI;M2
2024-04-20;20:00:00;YENIKAPI - HACIOSMAN;424;Ucretsiz;SISLI;M2
2024-04-20;21:00:00;YENIKAPI - HACIOSMAN;437;Tam Kontur;SISLI;M2
2024-04-20;22:00:00;YENIKAPI - HACIOSMAN;638;Tam Kontur;SISLI;M2
2024-04-20;23:00:00;YENIKAPI - HACIOSMAN;124;Tam Kontur;SISLI;M2
2024-04-21;00:00:00;YENIKAPI - HACIOSMAN;167;Ucretsiz;SISLI;M2
2024-04-21;01:00:00;YENIKAPI - HACIOSMAN;160;Indirimli Abonman;SISLI;M2
2024-04-21;02:00:00;YENIKAPI - HACIOSMAN;128;Tam Kontur;SISLI;M2
2024-04-21;03:00:00;YENIKAPI - HACIOSMAN;226;Ucretsiz;SISLI;M2
2024-04-21;04:00:00;YENIKAPI - HACIOSMAN;118;Ucretsiz;SISLI;M2
2024-04-21;05:00:00;YENIKAPI - HACIOSMAN;270;Tam Kontur;SISLI;M2
2024-04-21;06:00:00;YENIKAPI - HACIOSMAN;373;Indirimli Abonman;SISLI;M2
2024-04-21;07:00:00;YENIKAPI - HACIOSMAN;860;Indirimli Abonman;SISLI;M2
2024-04-21;08:00:00;YENIKAPI - HACIOSMAN;970;Indirimli Abonman;SISLI;M2
2024-04-21;09:00:00;YENIKAPI - HACIOSMAN;952;Tam Kontur;SISLI;M2
2024-04-21;10:00:00;YENIKAPI - HACIOSMAN;575;Ucretsiz;SISLI;M2
2024-04-21;11:00:00;YENIKAPI - HACIOSMAN;347;Indirimli Abonman;SISLI;M2
2024-04-21;12:00:00;YENIKAPI - HACIOSMAN;510;Tam Kontur;SISLI;M2
2024-04-21;13:00:00;YENIKAPI - HACIOSMAN;642;Tam Kontur;SISLI;M2
2024-04-21;14:00:00;YENIKAPI - HACIOSMAN;438;Tam Kontur;SISLI;M2
2024-04-21;15:00:00;YENIKAPI - HACIOSMAN;409;Tam Kontur;SISLI;M2
2024-04-21;16:00:00;YENIKAPI - HACIOSMAN;482;Indirimli Abonman;SISLI;M2
2024-04-21;17:00:00;YENIKAPI - HACIOSMAN;827;Tam Kontur;SISLI;M2
2024-04-21;18:00:00;YENIKAPI - HACIOSMAN;996;Tam Kontur;SISLI;M2
2024-04-21;19:00:00;YENIKAPI - HACIOSMAN;990;Indirimli Abonman;SISLI;M2
2024-04-21;20:00:00;YENIKAPI - HACIOSMAN;614;Tam Kontur;SISLI;M2
2024-04-21;21:00:00;YENIKAPI - HACIOSMAN;688;Ucretsiz;SISLI;M2
2024-04-21;22:00:00;YENIKAPI - HACIOSMAN;350;Tam Kontur;SISLI;M2
2024-04-21;23:00:00;YENIKAPI - HACIOSMAN;248;Tam Kontur;SISLI;M2
2024-04-22;00:00:00;YENIKAPI - HACIOSMAN;111;Tam Kontur;SISLI;M2
2024-04-22;01:00:00;YENIKAPI - HACIOSMAN;149;Tam Kontur;SISLI;M2
2024-04-22;02:00:00;YENIKAPI - HACIOSMAN;231;Tam Kontur;SISLI;M2
2024-04-22;03:00:00;YENIKAPI - HACIOSMAN;212;Indirimli Abonman;SISLI;M2
2024-04-22;04:00:00;YENIKAPI - HACIOSMAN;269;Ucretsiz;SISLI;M2
2024-04-22;05:00:00;YENIKAPI - HACIOSMAN;265;Tam Kontur;SISLI;M2
2024-04-22;06:00:00;YENIKAPI - HACIOSMAN;313;Indirimli Abonman;SISLI;M2
2024-04-22;07:00:00;YENIKAPI - HACIOSMAN;831;Indirimli Abonman;SISLI;M2
2024-04-22;08:00:00;YENIKAPI - HACIOSMAN;938;Ucretsiz;SISLI;M2
2024-04-22;09:00:00;YENIKAPI - HACIOSMAN;988;Tam Kontur;SISLI;M2
2024-04-22;10:00:00;YENIKAPI - HACIOSMAN;454;Tam Kontur;SISLI;M2
2024-04-22;11:00:00;YENIKAPI - HACIOSMAN;354;Tam Kontur;SISLI;M2
2024-04-22;12:00:00;YENIKAPI - HACIOSMAN;481;Indirimli Abonman;SISLI;M2
2024-04-22;13:00:00;YENIKAPI - HACIOSMAN;509;Ucretsiz;SISLI;M2
2024-04-22;14:00:00;YENIKAPI - HACIOSMAN;675;Tam Kontur;SISLI;M2
2024-04-22;15:00:00;YENIKAPI - HACIOSMAN;374;Tam Kontur;SISLI;M2
2024-04-22;16:00:00;YENIKAPI - HACIOSMAN;576;Ucretsiz;SISLI;M2
2024-04-22;17:00:00;YENIKAPI - HACIOSMAN;971;Ucretsiz;SISLI;M2
2024-04-22;18:00:00;YENIKAPI - HACIOSMAN;932;Ucretsiz;SISLI;M2
2024-04-22;19:00:00;YENIKAPI - HACIOSMAN;886;Indirimli Abonman;SISLI;M2
2024-04-22;20:00:00;YENIKAPI - HACIOSMAN;358;Tam Kontur;SISLI;M2
2024-04-22;21:00:00;YENIKAPI - HACIOSMAN;644;Indirimli Abonman;SISLI;M2
2024-04-22;22:00:00;YENIKAPI - HACIOSMAN;481;Indirimli Abonman;SISLI;M2
2024-04-22;23:00:00;YENIKAPI - HACIOSMAN;249;Tam Kontur;SISLI;M2
2024-04-23;00:00:00;YENIKAPI - HACIOSMAN;182;Indirimli Abonman;SISLI;M2
2024-04-23;01:00:00;YENIKAPI - HACIOSMAN;164;Indirimli Abonman;SISLI;M2
2024-04-23;02:00:00;YENIKAPI - HACIOSMAN;163;Tam Kontur;SISLI;M2
2024-04-23;03:00:00;YENIKAPI - HACIOSMAN;170;Indirimli Abonman;SISLI;M2
2024-04-23;04:00:00;YENIKAPI - HACIOSMAN;103;Indirimli Abonman;SISLI;M2
2024-04-23;05:00:00;YENIKAPI - HACIOSMAN;292;Ucretsiz;SISLI;M2
2024-04-23;06:00:00;YENIKAPI - HACIOSMAN;442;Tam Kontur;SISLI;M2
2024-04-23;07:00:00;YENIKAPI - HACIOSMAN;903;Tam Kontur;SISLI;M2
2024-04-23;08:00:00;YENIKAPI - HACIOSMAN;949;Indirimli Abonman;SISLI;M2
2024-04-23;09:00:00;YENIKAPI - HACIOSMAN;974;Tam Kontur;SISLI;M2
2024-04-23;10:00:00;YENIKAPI - HACIOSMAN;508;Indirimli Abonman;SISLI;M2
2024-04-23;11:00:00;YENIKAPI - HACIOSMAN;392;Indirimli Abonman;SISLI;M2
2024-04-23;12:00:00;YENIKAPI - HACIOSMAN;441;Tam Kontur;SISLI;M2
2024-04-23;13:00:00;YENIKAPI - HACIOSMAN;411;Indirimli Abonman;SISLI;M2
2024-04-23;14:00:00;YENIKAPI - HACIOSMAN;674;Indirimli Abonman;SISLI;M2
2024-04-23;15:00:00;YENIKAPI - HACIOSMAN;358;Tam Kontur;SISLI;M2
2024-04-23;16:00:00;YENIKAPI - HACIOSMAN;342;Ucretsiz;SISLI;M2
2024-04-23;17:00:00;YENIKAPI - HACIOSMAN;811;Ucretsiz;SISLI;M2
2024-04-23;18:00:00;YENIKAPI - HACIOSMAN;839;Indirimli Abonman;SISLI;M2
2024-04-23;19:00:00;YENIKAPI - HACIOSMAN;917;Indirimli Abonman;SISLI;M2
2024-04-23;20:00:00;YENIKAPI - HACIOSMAN;319;Tam Kontur;SISLI;M2
2024-04-23;21:00:00;YENIKAPI - HACIOSMAN;521;Ucretsiz;SISLI;M2
2024-04-23;22:00:00;YENIKAPI - HACIOSMAN;465;Indirimli Abonman;SISLI;M2
2024-04-23;23:00:00;YENIKAPI - HACIOSMAN;230;Indirimli Abonman;SISLI;M2
2024-04-24;00:00:00;YENIKAPI - HACIOSMAN;255;Ucretsiz;SISLI;M2
2024-04-24;01:00:00;YENIKAPI - HACIOSMAN;283;Tam Kontur;SISLI;M2
2024-04-24;02:00:00;YENIKAPI - HACIOSMAN;189;Ucretsiz;SISLI;M2
2024-04-24;03:00:00;YENIKAPI - HACIOSMAN;193;Tam Kontur;SISLI;M2
2024-04-24;04:00:00;YENIKAPI - HACIOSMAN;112;Tam Kontur;SISLI;M2
2024-04-24;05:00:00;YENIKAPI - HACIOSMAN;165;Tam Kontur;SISLI;M2
2024-04-24;06:00:00;YENIKAPI - HACIOSMAN;592;Ucretsiz;SISLI;M2
2024-04-24;07:00:00;YENIKAPI - HACIOSMAN;976;Ucretsiz;SISLI;M2
2024-04-24;08:00:00;YENIKAPI - HACIOSMAN;865;Indirimli Abonman;SISLI;M2
2024-04-24;09:00:00;YENIKAPI - HACIOSMAN;835;Indirimli Abonman;SISLI;M2
2024-04-24;10:00:00;YENIKAPI - HACIOSMAN;325;Indirimli Abonman;SISLI;M2
2024-04-24;11:00:00;YENIKAPI - HACIOSMAN;374;Ucretsiz;SISLI;M2
2024-04-24;12:00:00;YENIKAPI - HACIOSMAN;663;Tam Kontur;SISLI;M2
2024-04-24;13:00:00;YENIKAPI - HACIOSMAN;598;Tam Kontur;SISLI;M2
2024-04-24;14:00:00;YENIKAPI - HACIOSMAN;449;Tam Kontur;SISLI;M2
2024-04-24;15:00:00;YENIKAPI - HACIOSMAN;447;Indirimli Abonman;SISLI;M2
2024-04-24;16:00:00;YENIKAPI - HACIOSMAN;307;Indirimli Abonman;SISLI;M2
2024-04-24;17:00:00;YENIKAPI - HACIOSMAN;828;Tam Kontur;SISLI;M2
2024-04-24;18:00:00;YENIKAPI - HACIOSMAN;839;Tam Kontur;SISLI;M2
2024-04-24;19:00:00;YENIKAPI - HACIOSMAN;957;Ucretsiz;SISLI;M2
2024-04-24;20:00:00;YENIKAPI - HACIOSMAN;508;Tam Kontur;SISLI;M2
2024-04-24;21:00:00;YENIKAPI - HACIOSMAN;427;Indirimli Abonman;SISLI;M2
2024-04-24;22:00:00;YENIKAPI - HACIOSMAN;639;Ucretsiz;SISLI;M2
2024-04-24;23:00:00;YENIKAPI - HACIOSMAN;215;Tam Kontur;SISLI;M2
2024-04-25;00:00:00;YENIKAPI - HACIOSMAN;282;Tam Kontur;SISLI;M2
2024-04-25;01:00:00;YENIKAPI - HACIOSMAN;243;Indirimli Abonman;SISLI;M2
2024-04-25;02:00:00;YENIKAPI - HACIOSMAN;273;Ucretsiz;SISLI;M2
2024-04-25;03:00:00;YENIKAPI - HACIOSMAN;161;Indirimli Abonman;SISLI;M2
2024-04-25;04:00:00;YENIKAPI - HACIOSMAN;106;Ucretsiz;SISLI;M2
2024-04-25;05:00:00;YENIKAPI - HACIOSMAN;144;Tam Kontur;SISLI;M2
2024-04-25;06:00:00;YENIKAPI - HACIOSMAN;538;Indirimli Abonman;SISLI;M2
2024-04-25;07:00:00;YENIKAPI - HACIOSMAN;983;Indirimli Abonman;SISLI;M2
2024-04-25;08:00:00;YENIKAPI - HACIOSMAN;975;Ucretsiz;SISLI;M2
2024-04-25;09:00:00;YENIKAPI - HACIOSMAN;954;Tam Kontur;SISLI;M2
2024-04-25;10:00:00;YENIKAPI - HACIOSMAN;480;Ucretsiz;SISLI;M2
2024-04-25;11:00:00;YENIKAPI - HACIOSMAN;514;Indirimli Abonman;SISLI;M2
2024-04-25;12:00:00;YENIKAPI - HACIOSMAN;387;Tam Kontur;SISLI;M2
2024-04-25;13:00:00;YENIKAPI - HACIOSMAN;555;Tam Kontur;SISLI;M2
2024-04-25;14:00:00;YENIKAPI - HACIOSMAN;372;Ucretsiz;SISLI;M2
2024-04-25;15:00:00;YENIKAPI - HACIOSMAN;478;Tam Kontur;SISLI;M2
2024-04-25;16:00:00;YENIKAPI - HACIOSMAN;511;Tam Kontur;SISLI;M2
2024-04-25;17:00:00;YENIKAPI - HACIOSMAN;836;Tam Kontur;SISLI;M2
2024-04-25;18:00:00;YENIKAPI - HACIOSMAN;918;Ucretsiz;SISLI;M2
2024-04-25;19:00:00;YENIKAPI - HACIOSMAN;856;Indirimli Abonman;SISLI;M2
2024-04-25;20:00:00;YENIKAPI - HACIOSMAN;563;Indirimli Abonman;SISLI;M2
2024-04-25;21:00:00;YENIKAPI - HACIOSMAN;506;Tam Kontur;SISLI;M2
2024-04-25;22:00:00;YENIKAPI - HACIOSMAN;394;Indirimli Abonman;SISLI;M2
2024-04-25;23:00:00;YENIKAPI - HACIOSMAN;216;Indirimli Abonman;SISLI;M2
2024-04-26;00:00:00;YENIKAPI - HACIOSMAN;209;Ucretsiz;SISLI;M2
2024-04-26;01:00:00;YENIKAPI - HACIOSMAN;119;Ucretsiz;SISLI;M2
2024-04-26;02:00:00;YENIKAPI - HACIOSMAN;223;Tam Kontur;SISLI;M2
2024-04-26;03:00:00;YENIKAPI - HACIOSMAN;152;Indirimli Abonman;SISLI;M2
2024-04-26;04:00:00;YENIKAPI - HACIOSMAN;218;Tam Kontur;SISLI;M2
2024-04-26;05:00:00;YENIKAPI - HACIOSMAN;111;Indirimli Abonman;SISLI;M2
2024-04-26;06:00:00;YENIKAPI - HACIOSMAN;572;Tam Kontur;SISLI;M2
2024-04-26;07:00:00;YENIKAPI - HACIOSMAN;863;Tam Kontur;SISLI;M2
2024-04-26;08:00:00;YENIKAPI - HACIOSMAN;841;Tam Kontur;SISLI;M2
2024-04-26;09:00:00;YENIKAPI - HACIOSMAN;893;Indirimli Abonman;SISLI;M2
2024-04-26;10:00:00;YENIKAPI - HACIOSMAN;310;Tam Kontur;SISLI;M2
2024-04-26;11:00:00;YENIKAPI - HACIOSMAN;397;Indirimli Abonman;SISLI;M2
2024-04-26;12:00:00;YENIKAPI - HACIOSMAN;370;Tam Kontur;SISLI;M2
2024-04-26;13:00:00;YENIKAPI - HACIOSMAN;663;Tam Kontur;SISLI;M2
2024-04-26;14:00:00;YENIKAPI - HACIOSMAN;357;Indirimli Abonman;SISLI;M2
2024-04-26;15:00:00;YENIKAPI - HACIOSMAN;589;Tam Kontur;SISLI;M2
2024-04-26;16:00:00;YENIKAPI - HACIOSMAN;550;Tam Kontur;SISLI;M2
2024-04-26;17:00:00;YENIKAPI - HACIOSMAN;819;Indirimli Abonman;SISLI;M2
2024-04-26;18:00:00;YENIKAPI - HACIOSMAN;849;Tam Kontur;SISLI;M2
2024-04-26;19:00:00;YENIKAPI - HACIOSMAN;901;Tam Kontur;SISLI;M2
2024-04-26;20:00:00;YENIKAPI - HACIOSMAN;515;Tam Kontur;SISLI;M2
2024-04-26;21:00:00;YENIKAPI - HACIOSMAN;693;Ucretsiz;SISLI;M2
2024-04-26;22:00:00;YENIKAPI - HACIOSMAN;351;Indirimli Abonman;SISLI;M2
2024-04-26;23:00:00;YENIKAPI - HACIOSMAN;114;Indirimli Abonman;SISLI;M2
2024-04-27;00:00:00;YENIKAPI - HACIOSMAN;183;Indirimli Abonman;SISLI;M2
2024-04-27;01:00:00;YENIKAPI - HACIOSMAN;230;Tam Kontur;SISLI;M2
2024-04-27;02:00:00;YENIKAPI - HACIOSMAN;136;Tam Kontur;SISLI;M2
2024-04-27;03:00:00;YENIKAPI - HACIOSMAN;225;Indirimli Abonman;SISLI;M2
2024-04-27;04:00:00;YENIKAPI - HACIOSMAN;139;Tam Kontur;SISLI;M2
2024-04-27;05:00:00;YENIKAPI - HACIOSMAN;171;Tam Kontur;SISLI;M2
2024-04-27;06:00:00;YENIKAPI - HACIOSMAN;595;Tam Kontur;SISLI;M2
2024-04-27;07:00:00;YENIKAPI - HACIOSMAN;855;Tam Kontur;SISLI;M2
2024-04-27;08:00:00;YENIKAPI - HACIOSMAN;950;Ucretsiz;SISLI;M2
2024-04-27;09:00:00;YENIKAPI - HACIOSMAN;903;Tam Kontur;SISLI;M2
2024-04-27;10:00:00;YENIKAPI - HACIOSMAN;694;Indirimli Abonman;SISLI;M2
2024-04-27;11:00:00;YENIKAPI - HACIOSMAN;409;Tam Kontur;SISLI;M2
2024-04-27;12:00:00;YENIKAPI - HACIOSMAN;491;Ucretsiz;SISLI;M2
2024-04-27;13:00:00;YENIKAPI - HACIOSMAN;691;Tam Kontur;SISLI;M2
2024-04-27;14:00:00;YENIKAPI - HACIOSMAN;392;Tam Kontur;SISLI;M2
2024-04-27;15:00:00;YENIKAPI - HACIOSMAN;649;Indirimli Abonman;SISLI;M2
2024-04-27;16:00:00;YENIKAPI - HACIOSMAN;355;Indirimli Abonman;SISLI;M2
2024-04-27;17:00:00;YENIKAPI - HACIOSMAN;859;Tam Kontur;SISLI;M2
2024-04-27;18:00:00;YENIKAPI - HACIOSMAN;937;Tam Kontur;SISLI;M2
2024-04-27;19:00:00;YENIKAPI - HACIOSMAN;838;Tam Kontur;SISLI;M2
2024-04-27;20:00:00;YENIKAPI - HACIOSMAN;327;Tam Kontur;SISLI;M2
2024-04-27;21:00:00;YENIKAPI - HACIOSMAN;348;Tam Kontur;SISLI;M2
2024-04-27;22:00:00;YENIKAPI - HACIOSMAN;424;Tam Kontur;SISLI;M2
2024-04-27;23:00:00;YENIKAPI - HACIOSMAN;112;Tam Kontur;SISLI;M2
2024-04-28;00:00:00;YENIKAPI - HACIOSMAN;135;Tam Kontur;SISLI;M2
2024-04-28;01:00:00;YENIKAPI - HACIOSMAN;200;Indirimli Abonman;SISLI;M2
2024-04-28;02:00:00;YENIKAPI - HACIOSMAN;125;Ucretsiz;SISLI;M2
2024-04-28;03:00:00;YENIKAPI - HACIOSMAN;185;Indirimli Abonman;SISLI;M2
2024-04-28;04:00:00;YENIKAPI - HACIOSMAN;103;Tam Kontur;SISLI;M2
2024-04-28;05:00:00;YENIKAPI - HACIOSMAN;181;Tam Kontur;SISLI;M2
2024-04-28;06:00:00;YENIKAPI - HACIOSMAN;465;Ucretsiz;SISLI;M2
2024-04-28;07:00:00;YENIKAPI - HACIOSMAN;926;Tam Kontur;SISLI;M2
2024-04-28;08:00:00;YENIKAPI - HACIOSMAN;887;Tam Kontur;SISLI;M2
2024-04-28;09:00:00;YENIKAPI - HACIOSMAN;926;Indirimli Abonman;SISLI;M2
2024-04-28;10:00:00;YENIKAPI - HACIOSMAN;675;Indirimli Abonman;SISLI;M2
2024-04-28;11:00:00;YENIKAPI - HACIOSMAN;577;Indirimli Abonman;SISLI;M2
2024-04-28;12:00:00;YENIKAPI - HACIOSMAN;429;Tam Kontur;SISLI;M2
2024-04-28;13:00:00;YENIKAPI - HACIOSMAN;330;Tam Kontur;SISLI;M2
2024-04-28;14:00:00;YENIKAPI - HACIOSMAN;674;Ucretsiz;SISLI;M2
2024-04-28;15:00:00;YENIKAPI - HACIOSMAN;310;Tam Kontur;SISLI;M2
2024-04-28;16:00:00;YENIKAPI - HACIOSMAN;601;Indirimli Abonman;SISLI;M2
2024-04-28;17:00:00;YENIKAPI - HACIOSMAN;895;Indirimli Abonman;SISLI;M2
2024-04-28;18:00:00;YENIKAPI - HACIOSMAN;989;Indirimli Abonman;SISLI;M2
2024-04-28;19:00:00;YENIKAPI - HACIOSMAN;996;Tam Kontur;SISLI;M2
2024-04-28;20:00:00;YENIKAPI - HACIOSMAN;491;Tam Kontur;SISLI;M2
2024-04-28;21:00:00;YENIKAPI - HACIOSMAN;565;Indirimli Abonman;SISLI;M2
2024-04-28;22:00:00;YENIKAPI - HACIOSMAN;427;Ucretsiz;SISLI;M2
2024-04-28;23:00:00;YENIKAPI - HACIOSMAN;251;Ucretsiz;SISLI;M2
2024-04-29;00:00:00;YENIKAPI - HACIOSMAN;198;Tam Kontur;SISLI;M2
2024-04-29;01:00:00;YENIKAPI - HACIOSMAN;271;Tam Kontur;SISLI;M2
2024-04-29;02:00:00;YENIKAPI - HACIOSMAN;211;Ucretsiz;SISLI;M2
2024-04-29;03:00:00;YENIKAPI - HACIOSMAN;159;Indirimli Abonman;SISLI;M2
2024-04-29;04:00:00;YENIKAPI - HACIOSMAN;289;Ucretsiz;SISLI;M2
2024-04-29;05:00:00;YENIKAPI - HACIOSMAN;186;Tam Kontur;SISLI;M2
2024-04-29;06:00:00;YENIKAPI - HACIOSMAN;444;Indirimli Abonman;SISLI;M2
2024-04-29;07:00:00;YENIKAPI - HACIOSMAN;864;Indirimli Abonman;SISLI;M2
2024-04-29;08:00:00;YENIKAPI - HACIOSMAN;856;Indirimli Abonman;SISLI;M2
2024-04-29;09:00:00;YENIKAPI - HACIOSMAN;982;Tam Kontur;SISLI;M2
2024-04-29;10:00:00;YENIKAPI - HACIOSMAN;405;Tam Kontur;SISLI;M2
2024-04-29;11:00:00;YENIKAPI - HACIOSMAN;480;Indirimli Abonman;SISLI;M2
2024-04-29;12:00:00;YENIKAPI - HACIOSMAN;483;Tam Kontur;SISLI;M2
2024-04-29;13:00:00;YENIKAPI - HACIOSMAN;525;Tam Kontur;SISLI;M2
2024-04-29;14:00:00;YENIKAPI - HACIOSMAN;564;Ucretsiz;SISLI;M2
2024-04-29;15:00:00;YENIKAPI - HACIOSMAN;577;Tam Kontur;SISLI;M2
2024-04-29;16:00:00;YENIKAPI - HACIOSMAN;696;Ucretsiz;SISLI;M2
2024-04-29;17:00:00;YENIKAPI - HACIOSMAN;888;Tam Kontur;SISLI;M2
2024-04-29;18:00:00;YENIKAPI - HACIOSMAN;975;Indirimli Abonman;SISLI;M2
2024-04-29;19:00:00;YENIKAPI - HACIOSMAN;817;Ucretsiz;SISLI;M2
2024-04-29;20:00:00;YENIKAPI - HACIOSMAN;670;Tam Kontur;SISLI;M2
2024-04-29;21:00:00;YENIKAPI - HACIOSMAN;700;Tam Kontur;SISLI;M2
2024-04-29;22:00:00;YENIKAPI - HACIOSMAN;698;Tam Kontur;SISLI;M2
2024-04-29;23:00:00;YENIKAPI - HACIOSMAN;205;Tam Kontur;SISLI;M2
2024-04-30;00:00:00;YENIKAPI - HACIOSMAN;114;Indirimli Abonman;SISLI;M2
2024-04-30;01:00:00;YENIKAPI - HACIOSMAN;162;Ucretsiz;SISLI;M2
2024-04-30;02:00:00;YENIKAPI - HACIOSMAN;266;Tam Kontur;SISLI;M2
2024-04-30;03:00:00;YENIKAPI - HACIOSMAN;112;Tam Kontur;SISLI;M2
2024-04-30;04:00:00;YENIKAPI - HACIOSMAN;180;Tam Kontur;SISLI;M2
2024-04-30;05:00:00;YENIKAPI - HACIOSMAN;131;Indirimli Abonman;SISLI;M2
2024-04-30;06:00:00;YENIKAPI - HACIOSMAN;692;Tam Kontur;SISLI;M2
2024-04-30;07:00:00;YENIKAPI - HACIOSMAN;839;Indirimli Abonman;SISLI;M2
2024-04-30;08:00:00;YENIKAPI - HACIOSMAN;947;Indirimli Abonman;SISLI;M2
2024-04-30;09:00:00;YENIKAPI - HACIOSMAN;881;Indirimli Abonman;SISLI;M2
2024-04-30;10:00:00;YENIKAPI - HACIOSMAN;632;Tam Kontur;SISLI;M2
2024-04-30;11:00:00;YENIKAPI - HACIOSMAN;507;Indirimli Abonman;SISLI;M2
2024-04-30;12:00:00;YENIKAPI - HACIOSMAN;500;Tam Kontur;SISLI;M2
2024-04-30;13:00:00;YENIKAPI - HACIOSMAN;631;Tam Kontur;SISLI;M2
2024-04-30;14:00:00;YENIKAPI - HACIOSMAN;337;Ucretsiz;SISLI;M2
2024-04-30;15:00:00;YENIKAPI - HACIOSMAN;510;Indirimli Abonman;SISLI;M2
2024-04-30;16:00:00;YENIKAPI - HACIOSMAN;626;Tam Kontur;SISLI;M2
2024-04-30;17:00:00;YENIKAPI - HACIOSMAN;847;Tam Kontur;SISLI;M2
2024-04-30;18:00:00;YENIKAPI - HACIOSMAN;817;Tam Kontur;SISLI;M2
2024-04-30;19:00:00;YENIKAPI - HACIOSMAN;943;Tam Kontur;SISLI;M2
2024-04-30;20:00:00;YENIKAPI - HACIOSMAN;594;Tam Kontur;SISLI;M2
2024-04-30;21:00:00;YENIKAPI - HACIOSMAN;495;Tam Kontur;SISLI;M2
2024-04-30;22:00:00;YENIKAPI - HACIOSMAN;486;Tam Kontur;SISLI;M2
2024-04-30;23:00:00;YENIKAPI - HACIOSMAN;188;Indirimli Abonman;SISLI;M2